<?xml version="1.0" encoding="UTF-8" standalone="yes"?>
<!--/**
 * Licensed to the Apache Software Foundation (ASF) under one
 * or more contributor license agreements. See the NOTICE file
 * distributed with this work for additional information
 * regarding copyright ownership. The ASF licenses this file
 * to you under the Apache License, Version 2.0 (the
 * "License"); you may not use this file except in compliance
 * with the License. You may obtain a copy of the License at
 *
 * http://www.apache.org/licenses/LICENSE-2.0
 *
 * Unless required by applicable law or agreed to in writing,
 * software distributed under the License is distributed on an
 * "AS IS" BASIS, WITHOUT WARRANTIES OR CONDITIONS OF ANY
 * KIND, either express or implied. See the License for the
 * specific language governing permissions and limitations
 * under the License.
 */-->
<jbi version="1" xmlns:xsi="http://www.w3.org/2001/XMLSchema-instance"
xmlns="http://java.sun.com/xml/ns/jbi"  xsi:schemaLocation="http://java.sun.com/xml/ns/jbi ./jbi.xsd">

  <component type="service-engine"> 
    <identification> 
      <name>CXFServiceEngine</name> 
      <description>This is a cxf service engine</description> 
    </identification> 
    <component-class-name description="description">org.apache.cxf.jbi.se.CXFServiceEngine</component-class-name> 
    <component-class-path> 
      <path-element>cxf-integration-jbi-@CXF_VERSION@.jar</path-element> 
      <path-element>cxf-rt-bindings-jbi-@CXF_VERSION@.jar</path-element>
      <path-element>cxf-rt-transports-jbi-@CXF_VERSION@.jar</path-element>
      <path-element>cxf-manifest.jar</path-element>
    </component-class-path> 
    <bootstrap-class-name>org.apache.cxf.jbi.se.CXFBootstrap</bootstrap-class-name> 
    <bootstrap-class-path> 
      <path-element>cxf-integration-jbi-@CXF_VERSION@.jar</path-element> 
      <path-element>cxf-rt-bindings-jbi-@CXF_VERSION@.jar</path-element>
      <path-element>cxf-rt-transports-jbi-@CXF_VERSION@.jar</path-element>
      <path-element>cxf-manifest.jar</path-element>
    </bootstrap-class-path> 
  </component> 
</jbi>
