<?xml version="1.0" encoding="UTF-8"?>
<!--
 * Licensed to the Apache Software Foundation (ASF) under one
 * or more contributor license agreements.  See the NOTICE file
 * distributed with this work for additional information
 * regarding copyright ownership.  The ASF licenses this file
 * to you under the Apache License, Version 2.0 (the
 * "License"); you may not use this file except in compliance
 * with the License.  You may obtain a copy of the License at
 *
 *   http://www.apache.org/licenses/LICENSE-2.0
 *
 * Unless required by applicable law or agreed to in writing,
 * software distributed under the License is distributed on an
 * "AS IS" BASIS, WITHOUT WARRANTIES OR CONDITIONS OF ANY
 * KIND, either express or implied.  See the License for the
 * specific language governing permissions and limitations
 * under the License.
-->
<assembly>
    <!-- id typically identifies the "type" (src vs bin etc) of the assembly -->
    <id>src</id>
    <includeBaseDirectory>false</includeBaseDirectory>
    <formats>
        <format>tar.gz</format>
        <format>zip</format>
    </formats>

    <fileSets>
        <fileSet>
            <directory>src/main/release</directory>
            <outputDirectory>apache-cxf-${cxf.version}-src</outputDirectory>
            <includes>
                <include>licenses/*.*</include>
                <include>README</include>
                <include>BUILDING.txt</include>
            </includes>
        </fileSet>
        <fileSet>
            <directory>target/maven-shared-archive-resources/META-INF</directory>
            <outputDirectory>apache-cxf-${cxf.version}-src</outputDirectory>
            <includes>
                <include>*</include>
            </includes>
            <excludes>
                <exclude>DEPENDENCIES</exclude>
            </excludes>
        </fileSet>
        <fileSet>
            <directory>..</directory>
            <outputDirectory>apache-cxf-${cxf.version}-src</outputDirectory>
            <includes>
                <include>**/*</include>
            </includes>
            <excludes>
                <exclude>build.xml</exclude>
                <exclude>distribution/build.xml</exclude>
                <exclude>distribution/maven-build.xml</exclude>
                <exclude>benchmark</exclude>
                <exclude>benchmark/**/*</exclude>
                <exclude>**/target</exclude>
                <exclude>**/target/**/*</exclude>
                <exclude>**/build</exclude>
                <exclude>**/build/**/*</exclude>
                <exclude>**/.settings</exclude>
                <exclude>**/.pmd</exclude>
                <exclude>**/.checkstyle</exclude>
                <exclude>**/.ruleset</exclude>
                <exclude>**/pmd-eclipse.log</exclude>
                <exclude>**/.classpath</exclude>
                <exclude>**/.project</exclude>
                <exclude>**/.wtpmodules</exclude>
                <exclude>**/surefire*</exclude>
                <exclude>**/cobertura.ser</exclude>
                <exclude>**/velocity.log</exclude>
                <exclude>bin</exclude>
                <exclude>bin/*</exclude>
                <exclude>**/var/journal</exclude>
                <exclude>**/build.out*</exclude>
                <exclude>STATUS</exclude>
                <exclude>KEYS</exclude>
            </excludes>
        </fileSet>
    </fileSets>
</assembly>
