<?xml version="1.0" encoding="ISO-8859-1" ?>
<!DOCTYPE component PUBLIC
  "-//MyFaces//DTD MyFaces component def 1.0//EN"
  "http://myfaces.apache.org/dtd/Component.dtd">
<component>
    <component-class>org.apache.myfaces.custom.checkbox.HtmlCheckbox</component-class>
    <base-class>javax.faces.component.UIComponentBase</base-class>
    <component-type>org.apache.myfaces.HtmlCheckbox</component-type>
    <component-family>org.apache.myfaces.Checkbox</component-family>
    <renderer-type>org.apache.myfaces.Checkbox</renderer-type>
    <field>
        <name>for</name>
        <type>java.lang.String</type>
    </field>
    <field>
        <name>index</name>
        <type>int</type>
    </field>
</component>
