<?xml version="1.0" encoding="UTF-8"?>
<project xmlns="http://maven.apache.org/POM/4.0.0" xmlns:xsi="http://www.w3.org/2001/XMLSchema-instance" xsi:schemaLocation="http://maven.apache.org/POM/4.0.0 http://maven.apache.org/maven-v4_0_0.xsd">
  <parent>
    <artifactId>cxf-bundle-parent</artifactId>
    <groupId>org.apache.cxf</groupId>
    <version>2.2.2</version>
  </parent>
  <modelVersion>4.0.0</modelVersion>
  <groupId>org.apache.cxf</groupId>
  <artifactId>cxf-bundle-jaxrs</artifactId>
  <packaging>bundle</packaging>
  <name>Apache CXF JAX-RS Bundle Jar</name>
  <version>2.2.2</version>
  <url>http://cxf.apache.org</url>
  <scm>
    <connection>scm:svn:http://svn.apache.org/repos/asf/cxf/tags/cxf-2.2.2/distribution/bundle/jaxrs</connection>
    <developerConnection>scm:svn:https://svn.apache.org/repos/asf/cxf/tags/cxf-2.2.2/distribution/bundle/jaxrs</developerConnection>
  </scm>
  <build>
    <resources>
      <resource>
        <directory>src/main/java</directory>
        <includes>
          <include>**/*</include>
        </includes>
      </resource>
    </resources>
    <plugins>
      <plugin>
        <groupId>org.apache.felix</groupId>
        <artifactId>maven-bundle-plugin</artifactId>
        <extensions>true</extensions>
        <configuration>
          <instructions>
            <Implementation-Title>Apache CXF</Implementation-Title>
            <Implementation-Vendor>The Apache Software Foundation</Implementation-Vendor>
            <Implementation-Vendor-Id>org.apache</Implementation-Vendor-Id>
            <Implementation-Version>${pom.version}</Implementation-Version>
            <Specification-Title>Apache CXF</Specification-Title>
            <Specification-Vendor>The Apache Software Foundation</Specification-Vendor>
            <Specification-Version>${pom.version}</Specification-Version>
            <DynamicImport-Package>com.ctc.wstx.*</DynamicImport-Package>
            <Import-Package>antlr*;resolution:=optional,
                            com.ibm*;resolution:=optional,
                            com.sun*;resolution:=optional,
                            com.ctc.wstx.msv*;resolution:=optional,
                            javax.ws.rs*,
                            repackage;resolution:=optional,
                            javax.resource*;resolution:=optional,
                            junit.framework*;resolution:=optional,
                            net.sf.cglib*;resolution:=optional,
                            org.apache.abdera*;resolution:=optional,
                            org.apache.commons.lang*;resolution:=optional,
                            org.apache.commons.codec*;resolution:=optional,
                            org.apache.log4j*;resolution:=optional,
                            org.apache.velocity*;resolution:=optional,
                            org.apache.xmlbeans*;resolution:=optional,
                            org.codehaus.jra*;resolution:=optional,
                            org.codehaus.jettison*;resolution:=optional,
                            org.jaxen*;resolution:=optional,
                            org.jdom*;resolution:=optional,
                            org.junit*;resolution:=optional,
                            org.mortbay*;resolution:=optional,
                            org.mozilla.javascript*;resolution:=optional,
                            org.springframework*;resolution:=optional,
                            *</Import-Package>
            <Export-Package>org.apache.cxf.*;version=${pom.version};-split-package:=merge-first,
                            '=META-INF.cxf'</Export-Package>
            <_failok>true</_failok>
          </instructions>
        </configuration>
      </plugin>
      <plugin>
        <artifactId>maven-shade-plugin</artifactId>
        <executions>
          <execution>
            <phase>package</phase>
            <goals>
              <goal>shade</goal>
            </goals>
            <configuration>
              <shadedGroupFilter>org.apache.cxf</shadedGroupFilter>
              <shadedArtifactAttached>false</shadedArtifactAttached>
              <createSourcesJar>${createSourcesJar}</createSourcesJar>
              <promoteTransitiveDependencies>true</promoteTransitiveDependencies>
              <createDependencyReducedPom>true</createDependencyReducedPom>
              <filters>
                <filter>
                  <artifact>${project.groupId}:${project.artifactId}</artifact>
                  <excludes>
                    <exclude>org/**</exclude>
                  </excludes>
                </filter>
              </filters>
              <transformers>
                <transformer>
                  <projectName>Apache CXF</projectName>
                </transformer>
                <transformer>
                  <resource>META-INF/spring.handlers</resource>
                </transformer>
                <transformer>
                  <resource>META-INF/spring.schemas</resource>
                </transformer>
                <transformer>
                  <resource>META-INF/cxf/cxf.extension</resource>
                </transformer>
                <transformer>
                  <resource>META-INF/extensions.xml</resource>
                </transformer>
                <transformer>
                  <resource>META-INF/cxf/extensions.xml</resource>
                </transformer>
                <transformer>
                  <resource>META-INF/bus-extensions.xml</resource>
                </transformer>
                <transformer>
                  <resource>META-INF/cxf/bus-extensions.xml</resource>
                </transformer>
                <transformer />
              </transformers>
            </configuration>
          </execution>
        </executions>
        <dependencies>
          <dependency>
            <groupId>${pom.groupId}</groupId>
            <artifactId>cxf-buildtools</artifactId>
            <version>${pom.version}</version>
          </dependency>
        </dependencies>
      </plugin>
    </plugins>
  </build>
  <dependencies>
    <dependency>
      <groupId>org.springframework</groupId>
      <artifactId>spring-core</artifactId>
      <version>2.5.5</version>
      <scope>compile</scope>
    </dependency>
    <dependency>
      <groupId>commons-logging</groupId>
      <artifactId>commons-logging</artifactId>
      <version>1.1.1</version>
      <scope>compile</scope>
    </dependency>
    <dependency>
      <groupId>org.springframework</groupId>
      <artifactId>spring-beans</artifactId>
      <version>2.5.5</version>
      <scope>compile</scope>
    </dependency>
    <dependency>
      <groupId>org.springframework</groupId>
      <artifactId>spring-context</artifactId>
      <version>2.5.5</version>
      <scope>compile</scope>
    </dependency>
    <dependency>
      <groupId>aopalliance</groupId>
      <artifactId>aopalliance</artifactId>
      <version>1.0</version>
      <scope>compile</scope>
    </dependency>
    <dependency>
      <groupId>org.apache.geronimo.specs</groupId>
      <artifactId>geronimo-annotation_1.0_spec</artifactId>
      <version>1.1.1</version>
      <scope>compile</scope>
    </dependency>
    <dependency>
      <groupId>javax.xml.bind</groupId>
      <artifactId>jaxb-api</artifactId>
      <version>2.1</version>
      <scope>compile</scope>
    </dependency>
    <dependency>
      <groupId>org.apache.geronimo.specs</groupId>
      <artifactId>geronimo-stax-api_1.0_spec</artifactId>
      <version>1.0.1</version>
      <scope>compile</scope>
    </dependency>
    <dependency>
      <groupId>wsdl4j</groupId>
      <artifactId>wsdl4j</artifactId>
      <version>1.6.2</version>
      <scope>compile</scope>
    </dependency>
    <dependency>
      <groupId>org.apache.ws.commons.schema</groupId>
      <artifactId>XmlSchema</artifactId>
      <version>1.4.5</version>
      <scope>compile</scope>
    </dependency>
    <dependency>
      <groupId>commons-lang</groupId>
      <artifactId>commons-lang</artifactId>
      <version>2.4</version>
      <scope>compile</scope>
    </dependency>
    <dependency>
      <groupId>org.apache.geronimo.specs</groupId>
      <artifactId>geronimo-activation_1.1_spec</artifactId>
      <version>1.0.2</version>
      <scope>compile</scope>
    </dependency>
    <dependency>
      <groupId>org.codehaus.woodstox</groupId>
      <artifactId>wstx-asl</artifactId>
      <version>3.2.8</version>
      <scope>compile</scope>
    </dependency>
    <dependency>
      <groupId>org.apache.neethi</groupId>
      <artifactId>neethi</artifactId>
      <version>2.0.4</version>
      <scope>compile</scope>
    </dependency>
    <dependency>
      <groupId>com.sun.xml.bind</groupId>
      <artifactId>jaxb-impl</artifactId>
      <version>2.1.9</version>
      <scope>compile</scope>
    </dependency>
    <dependency>
      <groupId>org.apache.geronimo.specs</groupId>
      <artifactId>geronimo-javamail_1.4_spec</artifactId>
      <version>1.6</version>
      <scope>compile</scope>
    </dependency>
    <dependency>
      <groupId>com.sun.xml.fastinfoset</groupId>
      <artifactId>FastInfoset</artifactId>
      <version>1.2.3</version>
      <scope>compile</scope>
    </dependency>
    <dependency>
      <groupId>org.springframework</groupId>
      <artifactId>spring-web</artifactId>
      <version>2.5.5</version>
      <scope>compile</scope>
    </dependency>
    <dependency>
      <groupId>org.mortbay.jetty</groupId>
      <artifactId>jetty</artifactId>
      <version>6.1.18</version>
      <scope>compile</scope>
    </dependency>
    <dependency>
      <groupId>org.mortbay.jetty</groupId>
      <artifactId>jetty-util</artifactId>
      <version>6.1.18</version>
      <scope>compile</scope>
    </dependency>
    <dependency>
      <groupId>org.slf4j</groupId>
      <artifactId>slf4j-jdk14</artifactId>
      <version>1.5.6</version>
      <scope>runtime</scope>
    </dependency>
    <dependency>
      <groupId>org.slf4j</groupId>
      <artifactId>slf4j-api</artifactId>
      <version>1.5.6</version>
      <scope>runtime</scope>
    </dependency>
    <dependency>
      <groupId>org.apache.geronimo.specs</groupId>
      <artifactId>geronimo-servlet_2.5_spec</artifactId>
      <version>1.2</version>
      <scope>compile</scope>
    </dependency>
    <dependency>
      <groupId>javax.ws.rs</groupId>
      <artifactId>jsr311-api</artifactId>
      <version>1.0</version>
      <scope>compile</scope>
    </dependency>
    <dependency>
      <groupId>org.apache.abdera</groupId>
      <artifactId>abdera-core</artifactId>
      <version>0.4.0-incubating</version>
      <scope>compile</scope>
    </dependency>
    <dependency>
      <groupId>org.apache.abdera</groupId>
      <artifactId>abdera-i18n</artifactId>
      <version>0.4.0-incubating</version>
      <scope>compile</scope>
      <exclusions>
        <exclusion>
          <artifactId>geronimo-activation_1.0.2_spec</artifactId>
          <groupId>org.apache.geronimo.specs</groupId>
        </exclusion>
      </exclusions>
    </dependency>
    <dependency>
      <groupId>commons-codec</groupId>
      <artifactId>commons-codec</artifactId>
      <version>1.3</version>
      <scope>compile</scope>
    </dependency>
    <dependency>
      <groupId>org.apache.abdera</groupId>
      <artifactId>abdera-parser</artifactId>
      <version>0.4.0-incubating</version>
      <scope>compile</scope>
    </dependency>
    <dependency>
      <groupId>org.apache.ws.commons.axiom</groupId>
      <artifactId>axiom-impl</artifactId>
      <version>1.2.7</version>
      <scope>compile</scope>
    </dependency>
    <dependency>
      <groupId>org.apache.ws.commons.axiom</groupId>
      <artifactId>axiom-api</artifactId>
      <version>1.2.7</version>
      <scope>compile</scope>
    </dependency>
    <dependency>
      <groupId>jaxen</groupId>
      <artifactId>jaxen</artifactId>
      <version>1.1</version>
      <scope>compile</scope>
      <exclusions>
        <exclusion>
          <artifactId>jdom</artifactId>
          <groupId>jdom</groupId>
        </exclusion>
      </exclusions>
    </dependency>
    <dependency>
      <groupId>org.apache.abdera</groupId>
      <artifactId>abdera-extensions-json</artifactId>
      <version>0.4.0-incubating</version>
      <scope>compile</scope>
      <exclusions>
        <exclusion>
          <artifactId>abdera-server</artifactId>
          <groupId>org.apache.abdera</groupId>
        </exclusion>
        <exclusion>
          <artifactId>abdera-extensions-html</artifactId>
          <groupId>org.apache.abdera</groupId>
        </exclusion>
      </exclusions>
    </dependency>
    <dependency>
      <groupId>org.apache.abdera</groupId>
      <artifactId>abdera-extensions-main</artifactId>
      <version>0.4.0-incubating</version>
      <scope>compile</scope>
      <exclusions>
        <exclusion>
          <artifactId>abdera-client</artifactId>
          <groupId>org.apache.abdera</groupId>
        </exclusion>
      </exclusions>
    </dependency>
    <dependency>
      <groupId>org.codehaus.jettison</groupId>
      <artifactId>jettison</artifactId>
      <version>1.1</version>
      <scope>compile</scope>
    </dependency>
    <dependency>
      <groupId>org.apache.xmlbeans</groupId>
      <artifactId>xmlbeans</artifactId>
      <version>2.4.0</version>
      <scope>compile</scope>
    </dependency>
  </dependencies>
</project>

