<?xml version="1.0" encoding="UTF-8"?>
<!--
   Licensed to the Apache Software Foundation (ASF) under one or more
   contributor license agreements.  See the NOTICE file distributed with
   this work for additional information regarding copyright ownership.
   The ASF licenses this file to You under the Apache License, Version 2.0
   (the "License"); you may not use this file except in compliance with
   the License.  You may obtain a copy of the License at

       http://www.apache.org/licenses/LICENSE-2.0

   Unless required by applicable law or agreed to in writing, software
   distributed under the License is distributed on an "AS IS" BASIS,
   WITHOUT WARRANTIES OR CONDITIONS OF ANY KIND, either express or implied.
   See the License for the specific language governing permissions and
   limitations under the License.
-->
<supplementalDataModels>

  <supplement>
    <project>
      <groupId>javax.servlet</groupId>
      <artifactId>servlet-api</artifactId>
      <name>Servlet API</name>
      <organization>
        <name>Sun Microsystems</name>
        <url>http://www.sun.com/</url>
      </organization>
      <licenses>
        <license>
          <name>COMMON DEVELOPMENT AND DISTRIBUTION LICENSE (CDDL) Version 1.0</name>
          <url>http://www.sun.com/cddl/cddl.html</url>
        </license>
      </licenses>
    </project>
  </supplement>
  <supplement>
    <project>
      <groupId>commons-beanutils</groupId>
      <artifactId>commons-beanutils</artifactId>
      <name>Apache Commons Beanutils</name>
      <organization>
        <name>The Apache Software Foundation</name>
        <url>http://www.apache.org</url>
      </organization>
      <licenses>
        <license>
          <name>The Apache Software License, Version 2.0</name>
          <url>http://www.apache.org/licenses/LICENSE-2.0.txt</url>
        </license>
      </licenses>
    </project>
  </supplement>
  <supplement>
    <project>
      <groupId>org.apache.ibatis</groupId>
      <artifactId>ibatis-sqlmap</artifactId>
      <name>Apache Ibatis</name>
      <organization>
        <name>The Apache Software Foundation</name>
        <url>http://www.apache.org/</url>
      </organization>
      <licenses>
        <license>
          <name>The Apache Software License, Version 2.0</name>
          <url>http://www.apache.org/licenses/LICENSE-2.0.txt</url>
        </license>
      </licenses>
    </project>
  </supplement>
  <supplement>
    <project>
      <groupId>org.apache.lucene</groupId>
      <artifactId>lucene-core</artifactId>
      <name>Apache Lucene</name>
      <organization>
        <name>The Apache Software Foundation</name>
        <url>http://www.apache.org/</url>
      </organization>
      <licenses>
        <license>
          <name>The Apache Software License, Version 2.0</name>
          <url>http://www.apache.org/licenses/LICENSE-2.0.txt</url>
        </license>
      </licenses>
    </project>
  </supplement>
  <supplement>
    <project>
      <groupId>xalan</groupId>
      <artifactId>xalan</artifactId>
      <name>Apache Xalan-Java</name>
      <organization>
        <name>The Apache Software Foundation</name>
        <url>http://www.apache.org/</url>
      </organization>
      <licenses>
        <license>
          <name>The Apache Software License, Version 2.0</name>
          <url>http://www.apache.org/licenses/LICENSE-2.0.txt</url>
        </license>
      </licenses>
    </project>
  </supplement>
  <supplement>
    <project>
      <groupId>xml-security</groupId>
      <artifactId>xmlsec</artifactId>
      <name>XML Security</name>
      <organization>
        <name>The Apache Software Foundation</name>
        <url>http://www.apache.org/</url>
      </organization>
      <licenses>
        <license>
          <name>The Apache Software License, Version 2.0</name>
          <url>http://www.apache.org/licenses/LICENSE-2.0.txt</url>
        </license>
      </licenses>
    </project>
  </supplement>
  <supplement>
    <project>
      <groupId>xml-apis</groupId>
      <artifactId>xml-apis</artifactId>
      <name>XML APIs</name>
      <organization>
        <name>The Apache Software Foundation</name>
        <url>http://www.apache.org</url>
      </organization>
      <licenses>
        <license>
          <name>The Apache Software License, Version 2.0</name>
          <url>http://www.apache.org/licenses/LICENSE-2.0.txt</url>
        </license>
      </licenses>
    </project>
  </supplement>
  <supplement>
    <project>
      <groupId>bouncycastle</groupId>
      <artifactId>bcprov-jdk15</artifactId>
      <name>Bouncy Castle Crypto APIs for Java</name>
      <organization>
        <name>The Legion of the Bouncy Castle</name>
        <url>http://www.bouncycastle.org</url>
      </organization>
      <licenses>
        <license>
          <name>Bouncy Castle License</name>
          <url>http://www.bouncycastle.org/licence.html</url>
        </license>
      </licenses>
    </project>
  </supplement>
  
</supplementalDataModels>
