<?xml version="1.0" encoding="ISO-8859-1" ?>
<!DOCTYPE component PUBLIC
  "-//MyFaces//DTD MyFaces component def 1.0//EN"
  "http://myfaces.apache.org/dtd/Component.dtd">
<component>
    <component-class>org.apache.myfaces.custom.datascroller.HtmlDataScroller</component-class>
    <base-class>javax.faces.component.UIComponentBase</base-class>
    <component-type>org.apache.myfaces.HtmlDataScroller</component-type>
    <component-family>javax.faces.Panel</component-family>
    <renderer-type>org.apache.myfaces.DataScroller</renderer-type>
    <field>
        <name>for</name>
        <type>java.lang.String</type>
    </field>
    <field>
        <name>fastStep</name>
        <type>int</type>
    </field>
    <field>
        <name>pageIndexVar</name>
        <type>java.lang.String</type>
    </field>
    <field>
        <name>pageCountVar</name>
        <type>java.lang.String</type>
    </field>
    <field>
        <name>rowsCountVar</name>
        <type>String</type>
    </field>
    <field>
        <name>style</name>
        <type>String</type>
    </field>
    <field>
        <name>styleClass</name>
        <type>String</type>
    </field>
    <field>
        <name>paginator</name>
        <type>boolean</type>
    </field>
    <field>
        <name>paginatorMaxPages</name>
        <type>int</type>
    </field>
    <field>
        <name>paginatorTableClass</name>
        <type>String</type>
    </field>
    <field>
        <name>paginatorTableStyle</name>
        <type>String</type>
    </field>
    <field>
        <name>paginatorColumnClass</name>
        <type>String</type>
    </field>
    <field>
        <name>paginatorColumnStyle</name>
        <type>String</type>
    </field>
    <field>
        <name>paginatorActiveColumnClass</name>
        <type>String</type>
    </field>
    <field>
        <name>paginatorActiveColumnStyle</name>
        <type>String</type>
    </field>
    <field>
        <name>renderFacetsIfSinglePage</name>
        <type>boolean</type>
    </field>
    <field>
        <name>immediate</name>
        <type>boolean</type>
        <default-value>false</default-value>
    </field>
</component>
