<?xml version="1.0" encoding="ISO-8859-1" ?>
<!DOCTYPE component PUBLIC
  "-//MyFaces//DTD MyFaces component def 1.0//EN"
  "http://myfaces.apache.org/dtd/Component.dtd">
<component generateStateMethods="true" generateUserRoleMethods="true" >
    <component-class>org.apache.myfaces.custom.swapimage.HtmlSwapImage</component-class>
    <base-class>javax.faces.component.UIGraphic</base-class>
    <component-type>org.apache.myfaces.HtmlSwapImage</component-type>
    <component-family>javax.faces.Graphic</component-family>
    <renderer-type>org.apache.myfaces.SwapImage</renderer-type>
    <field>
        <name>swapImageUrl</name>
        <type>java.lang.String</type>
    </field>
    <field>
        <name>activeImageUrl</name>
        <type>java.lang.String</type>
    </field>
    <field>
        <name>alt</name>
        <type>java.lang.String</type>
    </field>
    <field>
        <name>dir</name>
        <type>java.lang.String</type>
    </field>
    <field>
        <name>height</name>
        <type>java.lang.String</type>
    </field>
    <field>
        <name>ismap</name>
        <type>boolean</type>
        <default-value>false</default-value>
    </field>
    <field>
        <name>lang</name>
        <type>java.lang.String</type>
    </field>
    <field>
        <name>longdesc</name>
        <type>java.lang.String</type>
    </field>
    <field>
        <name>onclick</name>
        <type>java.lang.String</type>
    </field>
    <field>
        <name>ondblclick</name>
        <type>java.lang.String</type>
    </field>
    <field>
        <name>onkeydown</name>
        <type>java.lang.String</type>
    </field>
    <field>
        <name>onkeypress</name>
        <type>java.lang.String</type>
    </field>
    <field>
        <name>onkeyup</name>
        <type>java.lang.String</type>
    </field>
    <field>
        <name>style</name>
        <type>java.lang.String</type>
    </field>
    <field>
        <name>styleClass</name>
        <type>java.lang.String</type>
    </field>
    <field>
        <name>title</name>
        <type>java.lang.String</type>
    </field>
    <field>
        <name>usemap</name>
        <type>java.lang.String</type>
    </field>
    <field>
        <name>width</name>
        <type>java.lang.String</type>
    </field>
</component>