<?xml version="1.0" encoding="ISO-8859-1" ?>
<!DOCTYPE component PUBLIC
  "-//MyFaces//DTD MyFaces component def 1.0//EN"
  "http://myfaces.apache.org/dtd/Component.dtd">
<component generateStateMethods="false" >
    <component-class>org.apache.myfaces.custom.navigation.HtmlCommandNavigation</component-class>
    <base-class>org.apache.myfaces.component.html.ext.HtmlCommandLink</base-class>
    <component-type>org.apache.myfaces.HtmlCommandNavigation</component-type>
    <component-family>javax.faces.Command</component-family>
    <renderer-type>javax.faces.Link</renderer-type>
</component>
