<?xml version="1.0" encoding="UTF-8"?>

<component>

  <!-- Binding Information -->
  <scope>page</scope>
  <region-id>content</region-id>
  <source-id>products</source-id>  
  
  <!-- Component Attributes -->
  <title>Image Component</title>  
  <component-type-id>/component/common/image</component-type-id>  
  
  <!-- Custom Properties -->
  <properties>
    <container>div</container>
  </properties>  
  
  <!-- Resources -->
  <resources>
    <resource id="source" type="webapp" endpoint="alfresco">/images/age/farman.jpg</resource>
  </resources>
  
</component>

