<?xml version="1.0" encoding="UTF-8"?>

<component>

  <!-- Binding Information -->
  <scope>page</scope>
  <region-id>box4a1</region-id>
  <source-id>home</source-id>  
  
  <!-- Component Attributes -->
  <title>Include Component</title>  
  <component-type-id>/component/common/include</component-type-id>  
  
  <!-- Custom Properties -->
  <properties>
    <container>div</container>
  </properties>  
  
  <!-- Resources -->
  <resources>
    <resource id="source" type="webapp" endpoint="alfresco">/html/box4a1.html</resource>
  </resources>
  
</component>

