<?xml version="1.0"?>
<!DOCTYPE hibernate-mapping PUBLIC
      "-//Hibernate/Hibernate Mapping DTD 3.0//EN"
          "http://hibernate.sourceforge.net/hibernate-mapping-3.0.dtd">

<hibernate-mapping default-access="field">
  <class name="org.jbpm.graph.exe.Comment" 
         table="JBPM_COMMENT">
    <id name="id" column="ID_"><generator class="native" /></id>
    <version name="version" column="VERSION_" />

    <property name="actorId" column="ACTORID_"/>
    <property name="time" column="TIME_"/>
    <property name="message" type="string_max" column="MESSAGE_" length="4000"/>
    <many-to-one name="token" 
                 column="TOKEN_" 
                 foreign-key="FK_COMMENT_TOKEN"
                 index="IDX_COMMENT_TOKEN"/>
    <many-to-one name="taskInstance" 
                 column="TASKINSTANCE_" 
                 foreign-key="FK_COMMENT_TSK"
                 index="IDX_COMMENT_TSK"/>

  </class>
</hibernate-mapping>
