<?xml version="1.0" encoding="ISO-8859-1" ?>
<!DOCTYPE component PUBLIC
  "-//MyFaces//DTD MyFaces component def 1.0//EN"
  "http://myfaces.apache.org/dtd/Component.dtd">
<component>
    <component-class>org.apache.myfaces.custom.rssticker.HtmlRssTicker</component-class>
    <base-class>javax.faces.component.UIOutput</base-class>
    <component-type>org.apache.myfaces.RssTicker</component-type>
    <component-family>javax.faces.Output</component-family>
    <renderer-type>org.apache.myfaces.Ticker</renderer-type>
    <field>
        <name>rssUrl</name>
        <type>java.lang.String</type>
    </field>
</component>