<?xml version="1.0"?>

<!DOCTYPE hibernate-mapping PUBLIC
    "-//Hibernate/Hibernate Mapping DTD 3.0//EN" 
    "http://hibernate.sourceforge.net/hibernate-mapping-3.0.dtd">

<hibernate-mapping default-access="field">

  <subclass name="org.jbpm.job.Timer" 
            discriminator-value="T" 
            extends="org.jbpm.job.Job">

    <property name="name" column="NAME_" />
    <property name="repeat" column="REPEAT_" />
    <property name="transitionName" column="TRANSITIONNAME_" />

    <many-to-one name="action"   
                 column="ACTION_" 
                 cascade="none"
                 foreign-key="FK_JOB_ACTION"/>
    
    <any name="graphElement" id-type="long" cascade="none">
      <column name="GRAPHELEMENTTYPE_"/>
      <column name="GRAPHELEMENT_"/>
    </any>

  </subclass>

</hibernate-mapping>
