<?xml version="1.0"?>
<component>
    <component-class>javax.faces.component.html.HtmlMessages</component-class>
    <base-class>javax.faces.component.UIMessages</base-class>
    <component-type>javax.faces.HtmlMessages</component-type>
    <renderer-type>javax.faces.Messages</renderer-type>
    <field>
        <name>errorClass</name>
        <type>java.lang.String</type>
    </field>
    <field>
        <name>errorStyle</name>
        <type>java.lang.String</type>
    </field>
    <field>
        <name>fatalClass</name>
        <type>java.lang.String</type>
    </field>
    <field>
        <name>fatalStyle</name>
        <type>java.lang.String</type>
    </field>
    <field>
        <name>infoClass</name>
        <type>java.lang.String</type>
    </field>
    <field>
        <name>infoStyle</name>
        <type>java.lang.String</type>
    </field>
    <field>
        <name>layout</name>
        <type>java.lang.String</type>
        <default-value>list</default-value>
    </field>
    <field>
        <name>style</name>
        <type>java.lang.String</type>
    </field>
    <field>
        <name>styleClass</name>
        <type>java.lang.String</type>
    </field>
    <field>
        <name>title</name>
        <type>java.lang.String</type>
    </field>
    <field>
        <name>tooltip</name>
        <type>boolean</type>
        <default-value>false</default-value>
    </field>
    <field>
        <name>warnClass</name>
        <type>java.lang.String</type>
    </field>
    <field>
        <name>warnStyle</name>
        <type>java.lang.String</type>
    </field>
</component>
