<?xml version="1.0" encoding="ISO-8859-1" ?>
<!DOCTYPE component PUBLIC
  "-//MyFaces//DTD MyFaces component def 1.0//EN"
  "http://myfaces.apache.org/dtd/Component.dtd">
<component>
    <component-class>org.apache.myfaces.custom.date.HtmlInputDate</component-class>
    <base-class>javax.faces.component.UIInput</base-class>
    <component-type>org.apache.myfaces.HtmlInputDate</component-type>
    <component-family>javax.faces.Input</component-family>
    <renderer-type>org.apache.myfaces.Date</renderer-type>
	<field>
        <name>type</name>
        <type>java.lang.String</type>
    </field>
	<field>
        <name>disabled</name>
        <type>java.lang.String</type>
    </field>
</component>
