<?xml version="1.0" encoding="ISO-8859-1" ?>
<!DOCTYPE component PUBLIC
  "-//MyFaces//DTD MyFaces component def 1.0//EN"
  "http://myfaces.apache.org/dtd/Component.dtd">
<component generateUserRoleMethods="true" >
    <component-class>org.apache.myfaces.custom.navmenu.jscookmenu.HtmlCommandJSCookMenu</component-class>
    <base-class>javax.faces.component.UICommand</base-class>
    <component-type>org.apache.myfaces.JSCookMenu</component-type>
    <component-family>javax.faces.Command</component-family>
    <field>
        <name>layout</name>
        <type>java.lang.String</type>
    </field>
    <field>
        <name>theme</name>
        <type>java.lang.String</type>
    </field>
    <field>
        <name>enabledOnUserRole</name>
        <type>java.lang.String</type>
    </field>
    <field>
        <name>visibleOnUserRole</name>
        <type>java.lang.String</type>
    </field>
</component>
