<?xml version="1.0"?>
<!DOCTYPE hibernate-mapping PUBLIC
      "-//Hibernate/Hibernate Mapping DTD 3.0//EN"
          "http://hibernate.sourceforge.net/hibernate-mapping-3.0.dtd">

<hibernate-mapping default-access="field" >

  <subclass name="org.jbpm.graph.node.Decision" 
            discriminator-value="D" 
            extends="org.jbpm.graph.def.Node">
            
    <property name="decisionExpression" column="DECISIONEXPRESSION_"/>

    <list name="decisionConditions" table="JBPM_DECISIONCONDITIONS">
      <cache usage="nonstrict-read-write"/>
      <key column="DECISION_" foreign-key="FK_DECCOND_DEC"/>
      <list-index column="INDEX_" />
      <composite-element class="org.jbpm.graph.node.DecisionCondition">
        <property name="transitionName" column="TRANSITIONNAME_" insert="false" update="false" />
        <property name="expression" column="EXPRESSION_"/>
      </composite-element>
    </list>
    
    <many-to-one name="decisionDelegation"
                 class="org.jbpm.instantiation.Delegation"
                 column="DECISIONDELEGATION"
                 foreign-key="FK_DECISION_DELEG"
                 cascade="all" />

  </subclass>

</hibernate-mapping>
