<?xml version="1.0"?>
<component>
    <component-class>javax.faces.component.UIGraphic</component-class>
    <base-class>javax.faces.component.UIComponentBase</base-class>
    <component-type>javax.faces.Graphic</component-type>
    <component-family>javax.faces.Graphic</component-family>
    <renderer-type>javax.faces.Image</renderer-type>
    <field>
        <name>value</name>
        <type>java.lang.Object</type>
    </field>
    <field generateProperty="false" saveState="false">
        <name>url</name>
        <type>java.lang.String</type>
    </field>
</component>
