<?xml version="1.0"?>
<component>
    <component-class>javax.faces.component.UIOutput</component-class>
    <base-class>javax.faces.component.UIComponentBase</base-class>
    <component-type>javax.faces.Output</component-type>
    <component-family>javax.faces.Output</component-family>
    <renderer-type>javax.faces.Text</renderer-type>
    <field>
        <name>converter</name>
        <type>javax.faces.convert.Converter</type>
    </field>
    <field>
        <name>value</name>
        <type>java.lang.Object</type>
    </field>
</component>
