<?xml version="1.0" encoding="ISO-8859-1" ?>
<!DOCTYPE component PUBLIC
  "-//MyFaces//DTD MyFaces component def 1.0//EN"
  "http://myfaces.apache.org/dtd/Component.dtd">
<component generateUserRoleMethods="false" >
    <component-class>org.apache.myfaces.custom.jslistener.JsValueChangeListener</component-class>
    <base-class>javax.faces.component.UIOutput</base-class>
    <component-type>org.apache.myfaces.JsValueChangeListener</component-type>
    <component-family>javax.faces.Output</component-family>
    <renderer-type>org.apache.myfaces.JsValueChangeListener</renderer-type>
    <field>
        <name>for</name>
        <type>java.lang.String</type>
    </field>
    <field>
        <name>expressionValue</name>
        <type>java.lang.String</type>
    </field>
    <field>
        <name>property</name>
        <type>java.lang.String</type>
    </field>
</component>
