<?xml version='1.0' encoding='UTF-8'?>
<page>
   <id>products</id>
   <title>Products Page</title>
   <template-instance>landing</template-instance>
   <authentication>none</authentication>
   <order-id>1</order-id>
   <components>
      <component>
         <region-id>main</region-id>
         <url>/products/main</url>
      </component>   
   </components>
   <associations>
      <page-association>
         <dest-id>calendar</dest-id>
         <assoc-type>child</assoc-type>
      </page-association>
   </associations>   
</page>