<?xml version="1.0" encoding="UTF-8"?>
<project xmlns="http://www.netbeans.org/ns/project/1">
    <type>org.netbeans.modules.ant.freeform</type>
    <configuration>
        <general-data xmlns="http://www.netbeans.org/ns/freeform-project/1">
            <!--Do not use Project Properties customizer when editing this file manually.-->
            <name>TrueLicense Library Collection</name>
            <properties/>
            <folders/>
            <ide-actions>
                <action name="build">
                    <target>jar</target>
                </action>
                <action name="clean">
                    <target>clean</target>
                </action>
                <action name="javadoc">
                    <target>javadoc</target>
                </action>
                <action name="rebuild">
                    <target>clean</target>
                    <target>jar</target>
                </action>
                <action name="test">
                    <target>test</target>
                </action>
            </ide-actions>
            <view>
                <items>
                    <source-file>
                        <location>build.xml</location>
                    </source-file>
                </items>
                <context-menu>
                    <ide-action name="build"/>
                    <ide-action name="clean"/>
                    <ide-action name="javadoc"/>
                    <ide-action name="rebuild"/>
                    <ide-action name="test"/>
                    <action>
                        <label>Publish JARs on java.net (CVS commit required).</label>
                        <target>jar2www</target>
                    </action>
                    <action>
                        <label>Publish Javadoc on java.net (CVS commit required).</label>
                        <target>javadoc2www</target>
                    </action>
                    <action>
                        <label>Publish source code on java.net (CVS commit required).</label>
                        <target>src2www</target>
                    </action>
                    <action>
                        <label>Publish entire project on java.net (CVS commit required).</label>
                        <target>publish2www</target>
                    </action>
                </context-menu>
            </view>
            <subprojects/>
        </general-data>
        <java-data xmlns="http://www.netbeans.org/ns/freeform-project-java/1"/>
    </configuration>
</project>
