<?xml version="1.0" encoding="ISO-8859-1" ?>
<!DOCTYPE component PUBLIC
  "-//MyFaces//DTD MyFaces component def 1.0//EN"
  "http://myfaces.apache.org/dtd/Component.dtd">
<component>
    <component-class>org.apache.myfaces.custom.collapsiblepanel.HtmlCollapsiblePanel</component-class>
    <base-class>javax.faces.component.html.HtmlPanelGroup</base-class>
    <component-type>org.apache.myfaces.HtmlCollapsiblePanel</component-type>
    <component-family>javax.faces.Panel</component-family>
    <renderer-type>org.apache.myfaces.CollapsiblePanel</renderer-type>
    <field generateProperty="false" >
        <name>collapsedStateChangeListener</name>
        <type>javax.faces.el.MethodBinding</type>
    </field>
    <field>
        <name>collapsed</name>
        <type>java.lang.Boolean</type>
    </field>
    <field>
        <name>value</name>
        <type>java.lang.String</type>
    </field>
</component>
