<?xml version='1.0' encoding='UTF-8'?>
<page>
   <id>home</id>
   <title>Home Page</title>
   <template-instance>home</template-instance>
   <authentication>none</authentication>
   <order-id>0</order-id>
   <components>
      <component>
         <region-id>main</region-id>
         <url>/home/main</url>
      </component>   
      <component>
         <region-id>side</region-id>
         <url>/home/side</url>
      </component>   
   </components>
   <associations>
      <page-association>
         <dest-id>products</dest-id>
         <assoc-type>child</assoc-type>
      </page-association>
   </associations>
</page>