<?xml version="1.0" encoding="UTF-8"?>
<book version="5.0" xml:id="spring-roo-reference-guide"
      xmlns="http://docbook.org/ns/docbook"
      xmlns:xlink="http://www.w3.org/1999/xlink"
      xmlns:xi="http://www.w3.org/2001/XInclude"
      xmlns:ns5="http://www.w3.org/1998/Math/MathML"
      xmlns:ns4="http://www.w3.org/2000/svg"
      xmlns:ns3="http://www.w3.org/1999/xhtml"
      xmlns:ns="http://docbook.org/ns/docbook">
  <info>
    <title>Project Reference Documentation</title>
    <productname>Spring Surf Project</productname>
    <releaseinfo>0.1.0-SNAPSHOT</releaseinfo>
    <authorgroup>
      <author>
        <personname></personname>
      </author>
    </authorgroup>
    <legalnotice>
      <para>Copyright (C) 2005-2009 Alfresco Software Limited.</para>
      <para>Copies of this document may be made for your own use and for
      distribution to others, provided that you do not charge any fee for such
      copies and further provided that each copy contains this Copyright
      Notice, whether distributed in print or electronically.</para>
    </legalnotice>
  </info>
  <toc></toc>
  <part xml:id="welcome">
    <title>Welcome to Spring Surf Project</title>
    <partintro>
      <para>Welcome to Spring Surf Project</para>
    </partintro>
  </part>
  <part xml:id="appendices">
    <title>Appendices</title>
    <partintro>
      <para>The final part of the reference guide provides
      appendices and background information that does not neatly belong within
      the other parts. The information is intended to be treated as a
      reference and not read consecutively.</para>
    </partintro>
    <xi:include href="../../../../target/site/docbook/reference/appendix-webscript-index.xml" />
    <xi:include href="../../../../target/site/docbook/reference/appendix-javascript-index.xml" />
    <xi:include href="../../../../target/site/docbook/reference/appendix-javascript-api-index.xml" />
    <xi:include href="../../../../target/site/docbook/reference/appendix-template-index.xml" />
    <xi:include href="../../../../target/site/docbook/reference/appendix-template-api-index.xml" />
  </part>
</book>
