<?xml version="1.0" encoding="ISO-8859-1" ?>
<!DOCTYPE component PUBLIC
  "-//MyFaces//DTD MyFaces component def 1.0//EN"
  "http://myfaces.apache.org/dtd/Component.dtd">
<component generateStateMethods="false" >
    <component-class>org.apache.myfaces.custom.savestate.UISaveState</component-class>
    <base-class>javax.faces.component.UIParameter</base-class>
    <component-type>org.apache.myfaces.SaveState</component-type>
    <component-family>javax.faces.Parameter</component-family>
</component>
