<?xml version="1.0" encoding="ISO-8859-1"?>
<project name="Project ${project.name}">

	<bannerLeft>
		<name>Project ${project.name}</name>
		<href>http://localhost:8080/${project.name}</href>
	</bannerLeft>

	<bannerRight>
		<src>images/shim.gif</src>
	</bannerRight>

	<poweredBy>
		<logo name="Spring Surf" href="http://www.springsurf.org" img="http://www.springsurf.org/images/logo/PoweredBySurf.png" />
	</poweredBy>

	<skin>
		<groupId>org.springframework.maven.skins</groupId>
		<artifactId>maven-spring-skin</artifactId>
		<version>1.0.5</version>
	</skin>

	<body>

		<links>
			<item name="Home" href="http://localhost:8080/${project.name}" />
			<item name="Spring Surf" href="http://www.springsource.org/extensions/se-surf" />
		</links>

		<menu name="Documentation" inherit="none">
			<item name="Home" href="index.html" />
			<item name="Reference Guide" href="reference/index.html" />
			<item name="Spring Surf" href="http://www.springsurf.org/documentation.html" />
		</menu>

		<menu name="Support" inherit="none">
			<item name="Spring Surf Home" href="http://www.springsource.org/extensions/se-surf" />
			<item name="Spring Surf Forums" href="http://forum.springsource.org/forumdisplay.php?f=72" />
			<item name="Spring Surf JIRA" href="http://jira.springframework.org/browse/SESURF" />
			<item name="Spring Surf Twitter" href="http://search.twitter.com/search?q=%23springsurf" />
		</menu>

		<menu ref="reports"/>

	</body>

</project>
